<menuDocument>
	<!-- menuDocument can only contain 1 menu element, whose id is 
         implicitly "root_menu"
      -->
	<menu>
		<subMenu id="opmenu.p4houdini_menu">
			<label>P4Houdini</label>
			<insertAtIndex>48</insertAtIndex>
			<context>
				<expression>import hou
node = kwargs[&quot;node&quot;]
if not node.canCreateDigitalAsset():
    definition = node.type().definition()
    if definition:
        return 1
return 0
       </expression>
			</context>
			<scriptItem id="opmenu.hda_add_checkout">
				<label>Add/Checkout</label>
				<scriptCode>
					<![CDATA[
import hou
import P4Houdini

node = kwargs["node"]
file = node.type().definition().libraryFilePath()
P4Houdini.file_checkout(file)
]]>
				</scriptCode>
			</scriptItem>
			<scriptItem id="opmenu.hda_edit_pending">
				<label>Edit Changelist</label>
				<scriptCode>
					<![CDATA[
import hou
import P4Houdini

node = kwargs["node"]
file = node.type().definition().libraryFilePath()
P4Houdini.file_edit_changelist(file)
]]>
				</scriptCode>
			</scriptItem>
			<scriptItem id="opmenu.hda_revert">
				<label>Revert</label>
				<scriptCode>
					<![CDATA[
import hou
import P4Houdini

node = kwargs["node"]
P4Houdini.hda_revert(node)
]]>
				</scriptCode>
			</scriptItem>
		</subMenu>
	</menu>
</menuDocument>