<?xml version="1.0" encoding="UTF-8"?>
<!--

-->
<menuDocument>
  <!-- menuDocument can only contain 1 menu element, whose id is 
         implicitly "root_menu"
      -->
  <menu>
    <subMenu id="parmmenu.p4houdini_menu">
      <label>P4Houdini</label>
      <insertAtIndex>7</insertAtIndex>
      <context>
        <expression>import os
if len(kwargs[&quot;parms&quot;]) == 0:
  return 0
parm = kwargs[&quot;parms&quot;][0]
if parm.parmTemplate().type() == hou.parmTemplateType.String:
  return 1
return 0
       </expression>
      </context>
      <scriptItem id="parmmenu.check_out_file">
        <label>Add/Checkout</label>
        <scriptCode>
          <![CDATA[
import hou
import P4Houdini

parm = kwargs["parms"][0]
file = hou.text.expandString(parm.evalAsString())
P4Houdini.file_checkout(file)
]]>
        </scriptCode>
      </scriptItem>

            <scriptItem id="parmmenu.file_revert">
        <label>Revert</label>
        <scriptCode>
          <![CDATA[
import hou
import P4Houdini

parm = kwargs["parms"][0]
file = hou.text.expandString(parm.evalAsString())
P4Houdini.file_revert(file)
]]>
        </scriptCode>
      </scriptItem>



    </subMenu>
  </menu>
</menuDocument>